{
    "Bridge": {
        "precision": 0.8260869565217391,
        "recall": 0.9047619047619048,
        "f1-score": 0.8636363636363636,
        "support": 21.0
    },
    "CMP": {
        "precision": 1.0,
        "recall": 1.0,
        "f1-score": 1.0,
        "support": 22.0
    },
    "Clean": {
        "precision": 0.8823529411764706,
        "recall": 0.8823529411764706,
        "f1-score": 0.8823529411764706,
        "support": 17.0
    },
    "Incomplete_etch": {
        "precision": 0.875,
        "recall": 0.875,
        "f1-score": 0.875,
        "support": 16.0
    },
    "Open": {
        "precision": 0.9047619047619048,
        "recall": 0.8636363636363636,
        "f1-score": 0.8837209302325582,
        "support": 22.0
    },
    "Other": {
        "precision": 1.0,
        "recall": 0.8695652173913043,
        "f1-score": 0.9302325581395349,
        "support": 23.0
    },
    "Oxide defect thickness": {
        "precision": 0.8695652173913043,
        "recall": 0.9523809523809523,
        "f1-score": 0.9090909090909091,
        "support": 21.0
    },
    "pattern_collapse": {
        "precision": 1.0,
        "recall": 1.0,
        "f1-score": 1.0,
        "support": 18.0
    },
    "accuracy": 0.91875,
    "macro avg": {
        "precision": 0.9197208774814274,
        "recall": 0.9184621724183745,
        "f1-score": 0.9180042127844796,
        "support": 160.0
    },
    "weighted avg": {
        "precision": 0.9219591097308489,
        "recall": 0.91875,
        "f1-score": 0.9191530126849894,
        "support": 160.0
    }
}