{
    "FP32": {
        "mean_ms": 4.842078685760498,
        "std_ms": 0.05039984221269481,
        "fps": 206.5228726953122
    },
    "FP16": {
        "mean_ms": 4.825866222381592,
        "std_ms": 0.02938608125325858,
        "fps": 207.2166848227497
    },
    "INT8": {
        "mean_ms": 1.7856693267822266,
        "std_ms": 0.005910715388462615,
        "fps": 560.0140994760762
    }
}