{
    "accuracy": [
        0.38451087474823,
        0.5774456262588501,
        0.64673912525177,
        0.70923912525177,
        0.73097825050354,
        0.7785326242446899,
        0.7975543737411499,
        0.8192934989929199,
        0.85597825050354,
        0.8817934989929199,
        0.8885869383811951,
        0.904891312122345,
        0.9116848111152649,
        0.914402186870575,
        0.917119562625885,
        0.9334239363670349,
        0.90625,
        0.917119562625885,
        0.9347826242446899,
        0.9334239363670349,
        0.9429348111152649,
        0.9524456262588501,
        0.9442934989929199,
        0.95652174949646,
        0.94701087474823,
        0.938858687877655,
        0.91847825050354,
        0.938858687877655,
        0.94701087474823,
        0.970108687877655,
        0.95923912525177,
        0.970108687877655,
        0.9714673757553101,
        0.970108687877655,
        0.98097825050354,
        0.9836956262588501,
        0.979619562625885,
        0.9755434989929199,
        0.9864130616188049,
        0.9836956262588501
    ],
    "loss": [
        1.6707504987716675,
        1.2006667852401733,
        1.027909755706787,
        0.8479444980621338,
        0.7575476169586182,
        0.7043442130088806,
        0.5930236577987671,
        0.5505613088607788,
        0.4247572124004364,
        0.3687574565410614,
        0.34679797291755676,
        0.2950463593006134,
        0.30589133501052856,
        0.27503064274787903,
        0.24639378488063812,
        0.21768656373023987,
        0.26277902722358704,
        0.21468178927898407,
        0.20486639440059662,
        0.18350891768932343,
        0.17123298346996307,
        0.15661370754241943,
        0.14058749377727509,
        0.13157176971435547,
        0.14354217052459717,
        0.19171229004859924,
        0.26386862993240356,
        0.16260559856891632,
        0.1420086771249771,
        0.10208938270807266,
        0.10412701219320297,
        0.08085749298334122,
        0.07177820056676865,
        0.07608990371227264,
        0.06625892966985703,
        0.059232231229543686,
        0.055303577333688736,
        0.06269093602895737,
        0.05097222700715065,
        0.04574783891439438
    ],
    "top2_accuracy": [
        0.585597813129425,
        0.7880434989929199,
        0.8260869383811951,
        0.86548912525177,
        0.89402174949646,
        0.904891312122345,
        0.9347826242446899,
        0.94701087474823,
        0.9646739363670349,
        0.960597813129425,
        0.970108687877655,
        0.9741848111152649,
        0.9741848111152649,
        0.9836956262588501,
        0.9836956262588501,
        0.9932065010070801,
        0.98097825050354,
        0.9932065010070801,
        0.98777174949646,
        0.991847813129425,
        0.99048912525177,
        0.9932065010070801,
        0.9959239363670349,
        0.998641312122345,
        0.9945651888847351,
        0.9932065010070801,
        0.98097825050354,
        0.9932065010070801,
        0.9972826242446899,
        0.998641312122345,
        0.9959239363670349,
        1.0,
        1.0,
        0.998641312122345,
        1.0,
        1.0,
        1.0,
        1.0,
        1.0,
        1.0
    ],
    "val_accuracy": [
        0.1339285671710968,
        0.1339285671710968,
        0.0892857164144516,
        0.0892857164144516,
        0.0892857164144516,
        0.0892857164144516,
        0.0892857164144516,
        0.1071428582072258,
        0.0714285746216774,
        0.0535714291036129,
        0.1428571492433548,
        0.1919642835855484,
        0.2366071492433548,
        0.4508928656578064,
        0.7098214030265808,
        0.6830357313156128,
        0.7410714030265808,
        0.8705357313156128,
        0.8973214030265808,
        0.6339285969734192,
        0.7723214030265808,
        0.8348214030265808,
        0.8303571343421936,
        0.7410714030265808,
        0.9017857313156128,
        0.8392857313156128,
        0.6875,
        0.5758928656578064,
        0.6517857313156128,
        0.7678571343421936,
        0.8928571343421936,
        0.8125,
        0.8571428656578064,
        0.8348214030265808,
        0.8839285969734192,
        0.8705357313156128,
        0.8482142686843872,
        0.8392857313156128,
        0.7946428656578064,
        0.8303571343421936
    ],
    "val_loss": [
        2.1550538539886475,
        2.411339282989502,
        2.720398426055908,
        3.1029469966888428,
        3.4340970516204834,
        3.580667495727539,
        3.8697352409362793,
        3.9742531776428223,
        4.4621734619140625,
        4.874870300292969,
        5.331090450286865,
        5.279339790344238,
        3.682698965072632,
        2.2076563835144043,
        0.9841426610946655,
        1.3300955295562744,
        0.7619293332099915,
        0.5038934946060181,
        0.457964152097702,
        2.674549102783203,
        1.093253254890442,
        0.7722254395484924,
        0.8146983981132507,
        1.0080146789550781,
        0.3880116045475006,
        1.1955159902572632,
        2.5727157592773438,
        3.8580822944641113,
        1.7011592388153076,
        0.8985584378242493,
        0.45957040786743164,
        0.6552889943122864,
        0.5704962611198425,
        0.6841928362846375,
        0.586117148399353,
        0.5713885426521301,
        0.5747742652893066,
        0.6101670265197754,
        0.6969176530838013,
        0.6257902979850769
    ],
    "val_top2_accuracy": [
        0.2410714328289032,
        0.2232142835855484,
        0.2232142835855484,
        0.2232142835855484,
        0.2232142835855484,
        0.1964285671710968,
        0.2857142984867096,
        0.1964285671710968,
        0.21875,
        0.21875,
        0.3035714328289032,
        0.2767857015132904,
        0.34375,
        0.6160714030265808,
        0.84375,
        0.8392857313156128,
        0.9285714030265808,
        0.9642857313156128,
        0.9553571343421936,
        0.8214285969734192,
        0.9151785969734192,
        0.9419642686843872,
        0.9330357313156128,
        0.9464285969734192,
        0.9776785969734192,
        0.9419642686843872,
        0.875,
        0.7008928656578064,
        0.8526785969734192,
        0.9508928656578064,
        0.9330357313156128,
        0.9464285969734192,
        0.9375,
        0.9241071343421936,
        0.9285714030265808,
        0.9330357313156128,
        0.9598214030265808,
        0.9508928656578064,
        0.9464285969734192,
        0.9375
    ],
    "learning_rate": [
        0.0010000000474974513,
        0.0010000000474974513,
        0.0010000000474974513,
        0.0010000000474974513,
        0.0010000000474974513,
        0.0010000000474974513,
        0.0010000000474974513,
        0.0010000000474974513,
        0.0005000000237487257,
        0.0005000000237487257,
        0.0005000000237487257,
        0.0005000000237487257,
        0.0005000000237487257,
        0.0005000000237487257,
        0.0005000000237487257,
        0.0005000000237487257,
        0.0005000000237487257,
        0.0005000000237487257,
        0.0005000000237487257,
        0.0005000000237487257,
        0.0005000000237487257,
        0.0005000000237487257,
        0.0005000000237487257,
        0.0005000000237487257,
        0.0005000000237487257,
        0.0005000000237487257,
        0.0005000000237487257,
        0.0005000000237487257,
        0.0005000000237487257,
        0.0005000000237487257,
        0.0005000000237487257,
        0.0005000000237487257,
        0.0002500000118743628,
        0.0002500000118743628,
        0.0002500000118743628,
        0.0002500000118743628,
        0.0002500000118743628,
        0.0002500000118743628,
        0.0002500000118743628,
        0.0001250000059371814
    ]
}